Laugh,skibidi Lmao
Charisma,skibidi Rizz
Breakfast,skibidi Brekkie
Hello,skibidi Yo
Goodbye,skibidi Peace out
Amazing,skibidi Lit
Seriously,skibidi Fr
Friend,skibidi Homie
Money,skibidi Bread
Information,skibidi Deets
Cool,skibidi Chill
Party,skibidi Bash
Fun,skibidi Litty
Ridiculous,skibidi Wildin'
Relax,skibidi Chillax
Interesting,skibidi Dope
Clothes,skibidi Drip
Attractive,skibidi Fine
Crazy,skibidi Mad
Awesome,skibidi Fire
Intelligent,skibidi Big brain
Hungry,skibidi Hangry
Beautiful,skibidi Baddie
Busy,skibidi Booked
Secret,skibidi Lowkey
Excited,skibidi Hyped
Success,skibidi W
Failure,skibidi L
Smart,skibidi Galaxy brain
Confused,skibidi Lost
Angry,skibidi Triggered
Happy,skibidi Vibin'
Sad,skibidi Blue
Scared,skibidi Shook
Boring,skibidi Dead
Dangerous,skibidi Sus
Easy,skibidi Light work
Difficult,skibidi Hard
Dumb,skibidi Clown
Annoying,skibidi Extra
Gossip,skibidi Tea
Surprised,skibidi Shooketh
Love,skibidi Adore
Hate,skibidi Despise
Sleep,skibidi Crash
Eat,skibidi Grub
Drink,skibidi Sip
Talk,skibidi Chat
Walk,skibidi Stroll
Run,skibidi Dash
Jump,skibidi Hop
Dance,skibidi Bust a move
Sing,skibidi Belt
Music,skibidi Jams
Movie,skibidi Flick
TV,skibidi Tube
Computer,skibidi PC
Phone,skibidi Cell
Book,skibidi Tome
School,skibidi Skool
Teacher,skibidi Prof
Student,skibidi Pupil
Homework,skibidi HW
Test,skibidi Exam
Work,skibidi Job
Boss,skibidi Chief
Employee,skibidi Worker
Meeting,skibidi Huddle
Email,skibidi Mail
Text,skibidi Message
Call,skibidi Ring
Game,skibidi Match
Player,skibidi Gamer
Team,skibidi Squad
Win,skibidi Dub
Lose,skibidi L
Goal,skibidi Target
Plan,skibidi Blueprint
Problem,skibidi Dilemma
Solution,skibidi Fix
Idea,skibidi Thought
Opinion,skibidi Take
Advice,skibidi Counsel
Question,skibidi Query
Answer,skibidi Reply
Explanation,skibidi Elaboration
Agreement,skibidi Accord
Disagreement,skibidi Beef
Contract,skibidi Deal
Negotiation,skibidi Talks
Business,skibidi Biz
Company,skibidi Co.
Industry,skibidi Field
Market,skibidi Sector
Economy,skibidi Econ
Finance,skibidi Funds
Investment,skibidi Stake
Profit,skibidi Gains
Loss,skibidi Deficit
Debt,skibidi Liabilities
Credit,skibidi Cred
Budget,skibidi Plan
Expense,skibidi Cost
Want to,skibidi Wanna
Cute,skibidi Mad skibidi
Awesome,skibidi Lit
Funny,skibidi Hilarious
Tired,skibidi wiped out
Exciting,skibidi Thrilling
Reliable,skibidi Trustworthy
Creative,skibidi Innovative
Challenging,skibidi Daunting
Motivated,skibidi Driven
Relieved,skibidi Breathed a sigh of relief
Inspired,skibidi Empowered
Curious,skibidi Inquisitive
Generous,skibidi Giving
Kind,skibidi Compassionate
Brave,skibidi Fearless
Lucky,skibidi Fortunate
Patient,skibidi Tolerant
Proud,skibidi Accomplished
Grateful,skibidi Thankful
Forgiving,skibidi Merciful
Adventurous,skibidi Daring
Honest,skibidi Truthful
Resilient,skibidi Strong
Optimistic,skibidi Positive
Ambitious,skibidi Driven
Silly,skibidi Goofy
Reliable,skibidi Trustworthy
Responsible,skibidi Accountable
Loving,skibidi Affectionate
Courageous,skibidi Bold
Resourceful,skibidi Clever
